request_id,amount_safe_to_pay,affordability_status,recommended_payment_method,payment_plan,earliest_date_for_full_payment,spending_changes_needed,decision_explanation
request_26,15656000,affordable_now,full_payment,2025-08-03:15656000,2025-08-03,none,"Pay IDR 15,656,000 today. This leaves at least IDR 24,768,300 available over the next 90 days."
request_27,6670,affordable_now,full_payment,2026-07-05:6670,2026-07-05,none,"Pay ZAR 6,670 today. This leaves at least ZAR 20,500 available over the next 90 days."
request_28,291.15,affordable_later,wait,2024-07-15:1302.40,2024-07-15,none,"Pay EUR 1,302.40 in full on 15 July 2024. Paying earlier would take the balance below the EUR 1,100 minimum."
request_29,2206.07,not_affordable,not_recommended,none,,none,"Do not make this payment by 23 November 2025. None of the available options keeps the ZAR 28,300 minimum protected."
request_30,259.6,not_affordable,not_recommended,none,,none,Do not make this payment by 6 June 2026. None of the available options keeps the USD 900 minimum protected.
request_31,2304832.84,affordable_later,wait,2024-11-15:18164000,2024-11-15,none,"Pay IDR 18,164,000 in full on 15 November 2024. Paying earlier would take the balance below the IDR 16,588,900 minimum."
request_32,13289.88,not_affordable,not_recommended,none,,none,"Do not make this payment by 15 April 2025. None of the available options keeps the ZAR 35,700 minimum protected."
request_33,30895.6,not_affordable,not_recommended,none,,none,"Do not make this payment by 15 March 2026. None of the available options keeps the INR 102,100 minimum protected."
request_34,129400,affordable_now,full_payment,2024-12-04:129400,2024-12-04,none,"Pay INR 129,400 today. This leaves at least INR 138,500 available over the next 90 days."
request_35,17264.89,affordable_later,wait,2026-01-15:212000,2026-01-15,none,"Pay INR 212,000 in full on 15 January 2026. Paying earlier would take the balance below the INR 106,400 minimum."
request_36,434.47,affordable_later,wait,2026-09-15:3954,2026-09-15,none,"Pay USD 3,954 in full on 15 September 2026. Paying earlier would take the balance below the USD 2,400 minimum."
request_37,4390728.42,affordable_later,wait,2024-05-15:14649000,2024-05-15,none,"Pay IDR 14,649,000 in full on 15 May 2024. Paying earlier would take the balance below the IDR 17,056,200 minimum."
request_38,162.44,affordable_later,wait,2025-10-15:971.30,2025-10-15,none,Pay EUR 971.30 in full on 15 October 2025. Paying earlier would take the balance below the EUR 400 minimum.
request_39,41347.21,affordable_later,wait,2026-06-15:208600,2026-06-15,none,"Pay INR 208,600 in full on 15 June 2026. Paying earlier would take the balance below the INR 213,400 minimum."
request_40,355.74,not_affordable,not_recommended,none,,none,"Do not make this payment by 15 August 2024. None of the available options keeps the EUR 1,500 minimum protected."
request_41,7932280.06,affordable_later,wait,2026-01-15:38760000,2026-01-15,none,"Pay IDR 38,760,000 in full on 15 January 2026. Paying earlier would take the balance below the IDR 25,366,600 minimum."
request_42,52100,affordable_now,full_payment,2026-01-05:52100,2026-01-05,none,"Pay INR 52,100 today. This leaves at least INR 113,100 available over the next 90 days."
request_43,8311665.75,affordable_later,wait,2024-11-15:43339000,2024-11-15,none,"Pay IDR 43,339,000 in full on 15 November 2024. Paying earlier would take the balance below the IDR 21,398,000 minimum."
request_44,32958.79,not_affordable,not_recommended,none,,none,"Do not make this payment by 15 April 2025. None of the available options keeps the INR 82,900 minimum protected."
request_45,3419775.21,affordable_later,wait,2026-09-15:21983000,2026-09-15,none,"Pay IDR 21,983,000 in full on 15 September 2026. Paying earlier would take the balance below the IDR 11,149,800 minimum."
request_46,35407.72,affordable_with_plan,partial_payment,2024-12-03:35407.72|2024-12-15:14042.28,2024-12-15,none,"Pay INR 35,407.72 today and the remaining INR 14,042.28 on 15 December 2024. This completes the full request and keeps the INR 84,000 minimum protected."
request_47,1172148.15,not_affordable,not_recommended,none,,none,"Do not make this payment by 19 June 2025. None of the available options keeps the IDR 30,049,000 minimum protected."
request_48,45700,affordable_now,full_payment,2026-07-25:45700,2026-07-25,none,"Pay INR 45,700 today. This leaves at least INR 71,300 available over the next 90 days."
request_49,12352262,not_affordable,not_recommended,none,2024-05-15,none,"Do not make this payment by 22 May 2024. None of the available options keeps the IDR 20,275,700 minimum protected."
request_50,43900,affordable_now,full_payment,2025-08-06:43900,2025-08-06,none,"Pay INR 43,900 today. This leaves at least INR 99,700 available over the next 90 days."
request_51,2165665.44,not_affordable,not_recommended,none,,none,"Do not proceed with the IDR 2,191,000 request. Although IDR 2,165,665.44 is available today, the full amount cannot be completed safely within 90 days."
request_52,19203.66,affordable_later,wait,2024-06-15:28870,2024-06-15,none,"Pay INR 28,870 in full on 15 June 2024. Paying earlier would take the balance below the INR 41,500 minimum."
request_53,464.04,affordable_with_plan,installments,2025-11-21:589.06|2025-12-19:589.06|2026-01-16:589.06,2026-01-15,stop:event_4925,"Stop the delivery service plan, then use 3 installments of USD 589.06, starting 21 November 2025. This leaves at least USD 2,100 available."
request_54,1957.6,not_affordable,not_recommended,none,,none,"Do not make this payment by 21 August 2026. None of the available options keeps the ZAR 37,000 minimum protected."
request_55,119867.91,affordable_with_plan,installments,2026-06-11:75781.33|2026-07-12:75781.33|2026-08-12:75781.33,2026-08-15,stop:event_5101,"Stop the family streaming plan, then use 3 installments of INR 75,781.33, starting 11 June 2026. This leaves at least INR 124,300 available."
request_56,540.41,affordable_with_plan,partial_payment,2025-02-03:540.41|2025-02-15:341.15,2025-02-15,none,"Pay USD 540.41 today and the remaining USD 341.15 on 15 February 2025. This completes the full request and keeps the USD 2,100 minimum protected."
request_57,12446.96,affordable_later,wait,2026-06-15:61446,2026-06-15,none,"Pay ZAR 61,446 in full on 15 June 2026. Paying earlier would take the balance below the ZAR 42,700 minimum."
request_58,16226000,affordable_now,full_payment,2024-12-07:16226000,2024-12-07,none,"Pay IDR 16,226,000 today. This leaves at least IDR 14,433,900 available over the next 90 days."
request_59,135107.4,affordable_with_plan,installments,2025-05-07:48741.33|2025-06-04:48741.33|2025-07-02:48741.33,,stop:event_5471|stop:event_5473,"Stop the music subscription and stop the fitness club membership, then use 3 installments of INR 48,741.33, starting 7 May 2025. This leaves at least INR 132,600 available."
request_60,11.46,not_affordable,not_recommended,none,,none,Do not make this payment by 4 March 2026. None of the available options keeps the USD 400 minimum protected.
request_61,29062,affordable_with_plan,installments,2024-03-17:10074.83|2024-04-17:10074.83|2024-05-18:10074.83,2024-03-03,none,"Use 3 installments of ZAR 10,074.83, starting 17 March 2024. This leaves at least ZAR 36,700 available."
request_62,404.23,affordable_now,full_payment,2025-08-05:404.23,2025-08-05,none,"Pay USD 404.23 today. This leaves at least USD 1,300 available over the next 90 days."
request_63,38446.74,not_affordable,not_recommended,none,,none,"Do not proceed with the INR 343,900 request. Although INR 38,446.74 is available today, the full amount cannot be completed safely within 90 days."
request_64,39225.42,not_affordable,not_recommended,none,2024-08-15,none,"Do not make this payment by 16 August 2024. None of the available options keeps the INR 36,100 minimum protected."
request_65,5719.66,not_affordable,not_recommended,none,,none,"Do not proceed with the ZAR 54,340 request. Although ZAR 5,719.66 is available today, the full amount cannot be completed safely within 90 days."
request_66,22200,affordable_now,full_payment,2026-04-03:22200,2026-04-03,none,"Pay INR 22,200 today. This leaves at least INR 80,700 available over the next 90 days."
request_67,284.32,affordable_later,wait,2024-11-15:2094,2024-11-15,none,"Pay USD 2,094 in full on 15 November 2024. Paying earlier would take the balance below the USD 1,200 minimum."
request_68,0,not_affordable,not_recommended,none,,none,"Do not make this payment by 16 April 2025. None of the available options keeps the USD 1,500 minimum protected."
request_69,529.1,affordable_now,full_payment,2026-01-04:529.10,2026-01-04,none,Pay EUR 529.10 today. This leaves at least EUR 700 available over the next 90 days.
request_70,49646.29,affordable_later,wait,2025-02-15:243900,2025-02-15,none,"Pay INR 243,900 in full on 15 February 2025. Paying earlier would take the balance below the INR 115,000 minimum."
request_71,188525.77,not_affordable,not_recommended,none,,none,"Do not make this payment by 28 May 2025. None of the available options keeps the IDR 8,884,800 minimum protected."
request_72,10687.56,affordable_with_plan,full_payment,2026-07-05:11330,2026-07-15,stop:event_6682|reduce_to:event_6741:410.30,"Stop the music subscription and reduce the coffee shop to ZAR 410.30, then pay ZAR 11,330 today. This leaves at least ZAR 12,200 available."
request_73,71277.34,affordable_with_plan,full_payment,2023-01-20:71400,2023-02-15,reduce_to:event_6789:1425,"Reduce the streaming subscription to INR 1,425, then pay INR 71,400 today. This leaves at least INR 103,200 available."
request_74,5010,affordable_now,full_payment,2025-08-04:5010,2025-08-04,none,"Pay ZAR 5,010 today. This leaves at least ZAR 21,900 available over the next 90 days."
request_75,13183.51,not_affordable,not_recommended,none,,none,"Do not make this payment by 12 June 2026. None of the available options keeps the ZAR 39,000 minimum protected."
request_76,674.76,not_affordable,not_recommended,none,2024-08-15,none,"Do not make this payment by 30 July 2024. None of the available options keeps the USD 1,800 minimum protected."
request_77,60391.52,affordable_with_plan,full_payment,2025-11-05:60700,2025-11-15,stop:event_7143,"Stop the online backup subscription, then pay INR 60,700 today. This leaves at least INR 82,200 available."
request_78,41783.75,not_affordable,not_recommended,none,2025-11-15,none,"Do not make this payment by 14 October 2025. None of the available options keeps the INR 55,200 minimum protected."
request_79,216,not_affordable,not_recommended,none,,none,"Do not proceed with the EUR 2,151.60 request. Although EUR 216 is available today, the full amount cannot be completed safely within 90 days."
request_80,110008.68,not_affordable,not_recommended,none,2025-02-15,none,"Do not make this payment by 21 February 2025. None of the available options keeps the INR 121,300 minimum protected."
request_81,2076,affordable_now,full_payment,2026-07-03:2076,2026-07-03,none,"Pay USD 2,076 today. This leaves at least USD 1,600 available over the next 90 days."
request_82,399.31,affordable_later,wait,2025-01-15:1405.20,2025-01-15,none,"Pay USD 1,405.20 in full on 15 January 2025. Paying earlier would take the balance below the USD 1,100 minimum."
request_83,9952.77,not_affordable,not_recommended,none,,none,"Do not make this payment by 17 June 2025. None of the available options keeps the INR 37,800 minimum protected."
request_84,27069.86,affordable_later,wait,2026-06-15:95400,2026-06-15,none,"Pay INR 95,400 in full on 15 June 2026. Paying earlier would take the balance below the INR 91,300 minimum."
request_85,386053.56,not_affordable,not_recommended,none,,none,"Do not make this payment by 26 April 2024. None of the available options keeps the IDR 6,396,300 minimum protected."
request_86,44147.91,affordable_with_plan,full_payment,2025-08-03:46300,2025-08-23,stop:event_8083|reduce_to:event_8084:2360,"Stop the shared storage plan and reduce the online retail purchases to INR 2,360, then pay INR 46,300 today. This leaves at least INR 84,900 available."
request_87,17746.91,not_affordable,not_recommended,none,,none,"Do not make this payment by 15 March 2026. None of the available options keeps the INR 185,900 minimum protected."
request_88,10735.77,affordable_with_plan,installments,2024-06-14:9045.23|2024-07-15:9045.23|2024-08-15:9045.23,2024-07-15,none,"Use 3 installments of ZAR 9,045.23, starting 14 June 2024. This leaves at least ZAR 25,800 available."
request_89,9384602.98,affordable_with_plan,installments,2025-11-18:4768746.67|2025-12-16:4768746.67|2026-01-13:4768746.67,2026-01-15,stop:event_8335|stop:event_8336|reduce_to:event_8337:266760,"Stop the video streaming plan, stop the online backup subscription and reduce the monthly shopping spend to IDR 266,760, then use 3 installments of IDR 4,768,746.67, starting 18 November 2025. This leaves at least IDR 12,534,700 available."
request_90,2560,affordable_now,full_payment,2026-07-06:2560,2026-07-06,none,"Pay ZAR 2,560 today. This leaves at least ZAR 7,600 available over the next 90 days."
request_91,476.17,affordable_later,wait,2024-11-15:1927.20,2024-11-15,none,"Pay EUR 1,927.20 in full on 15 November 2024. Paying earlier would take the balance below the EUR 2,100 minimum."
request_92,34034,affordable_now,full_payment,2025-02-05:34034,2025-02-05,none,"Pay ZAR 34,034 today. This leaves at least ZAR 28,100 available over the next 90 days."
request_93,1729.2,affordable_now,full_payment,2026-04-07:1729.20,2026-04-07,none,"Pay USD 1,729.20 today. This leaves at least USD 1,900 available over the next 90 days."
request_94,572,affordable_now,full_payment,2024-12-04:572,2024-12-04,none,Pay EUR 572 today. This leaves at least EUR 600 available over the next 90 days.
request_95,0,not_affordable,not_recommended,none,,none,"Do not make this payment by 14 July 2025. None of the available options keeps the INR 145,500 minimum protected."
request_96,70653.43,not_affordable,not_recommended,none,2026-02-15,none,"Do not make this payment by 12 March 2026. None of the available options keeps the INR 56,500 minimum protected."
request_97,1491.72,affordable_with_plan,installments,2024-03-19:8145.28|2024-04-19:8145.28|2024-05-20:8145.28,2024-04-15,none,"Use 3 installments of ZAR 8,145.28, starting 19 March 2024. This leaves at least ZAR 29,700 available."
request_98,3716.56,affordable_later,wait,2025-10-15:27148,2025-10-15,none,"Pay ZAR 27,148 in full on 15 October 2025. Paying earlier would take the balance below the ZAR 30,000 minimum."
request_99,17779.22,affordable_with_plan,full_payment,2026-07-04:18062,2026-07-15,reduce_to:event_9188:525.80,"Reduce the family streaming plan to ZAR 525.80, then pay ZAR 18,062 today. This leaves at least ZAR 49,100 available."
request_100,26952.24,affordable_with_plan,installments,2024-06-13:12866.19|2024-07-14:12866.19|2024-08-14:12866.19,2024-07-15,none,"Use 3 installments of ZAR 12,866.19, starting 13 June 2024. This leaves at least ZAR 32,500 available."
request_101,143500,affordable_now,full_payment,2025-11-03:143500,2025-11-03,none,"Pay INR 143,500 today. This leaves at least INR 187,400 available over the next 90 days."
request_102,1716,affordable_with_plan,installments,2026-04-05:594.88|2026-05-05:594.88|2026-06-04:594.88,2026-04-05,none,"Use 3 installments of EUR 594.88, starting 5 April 2026. This leaves at least EUR 900 available."
request_103,0,not_affordable,not_recommended,none,,none,"Do not make this payment by 7 October 2024. None of the available options keeps the INR 125,500 minimum protected."
request_104,17204,affordable_now,full_payment,2025-02-04:17204,2025-02-04,none,"Pay ZAR 17,204 today. This leaves at least ZAR 24,700 available over the next 90 days."
request_105,47520.36,not_affordable,not_recommended,none,2026-06-15,none,"Do not make this payment by 14 June 2026. None of the available options keeps the INR 73,900 minimum protected."
request_106,459.28,affordable_later,wait,2025-02-15:2207.70,2025-02-15,none,"Pay EUR 2,207.70 in full on 15 February 2025. Paying earlier would take the balance below the EUR 1,200 minimum."
request_107,2065.56,not_affordable,not_recommended,none,2025-07-15,none,"Do not make this payment by 4 July 2025. None of the available options keeps the EUR 1,600 minimum protected."
request_108,1870.95,not_affordable,not_recommended,none,2026-09-15,none,"Do not make this payment by 26 July 2026. None of the available options keeps the ZAR 24,100 minimum protected."
request_109,486.08,affordable_with_plan,installments,2024-03-18:645.98|2024-04-18:645.98|2024-05-19:645.98,2024-05-15,stop:event_10080|stop:event_10081,"Stop the shared storage plan and stop the video streaming plan, then use 3 installments of EUR 645.98, starting 18 March 2024. This leaves at least EUR 1,700 available."
request_110,22352,affordable_with_plan,installments,2025-08-06:7748.69|2025-09-03:7748.69|2025-10-01:7748.69,2025-08-06,none,"Use 3 installments of ZAR 7,748.69, starting 6 August 2025. This leaves at least ZAR 11,200 available."
request_111,16625000,affordable_now,full_payment,2026-04-03:16625000,2026-04-03,none,"Pay IDR 16,625,000 today. This leaves at least IDR 23,022,800 available over the next 90 days."
request_112,271.7,affordable_now,full_payment,2024-06-05:271.70,2024-06-05,none,Pay EUR 271.70 today. This leaves at least EUR 500 available over the next 90 days.
request_113,19196.42,affordable_later,wait,2026-10-15:36500,2026-10-15,none,"Pay INR 36,500 in full on 15 October 2026. Paying earlier would take the balance below the INR 82,300 minimum."
request_114,22959.54,not_affordable,not_recommended,none,,none,"Do not make this payment by 14 January 2026. None of the available options keeps the INR 113,400 minimum protected."
request_115,14307.43,affordable_later,wait,2024-11-15:80500,2024-11-15,none,"Pay INR 80,500 in full on 15 November 2024. Paying earlier would take the balance below the INR 38,800 minimum."
request_116,6462.54,not_affordable,not_recommended,none,,none,"Do not make this payment by 16 April 2025. None of the available options keeps the INR 80,300 minimum protected."
request_117,852.22,not_affordable,not_recommended,none,2026-07-15,none,"Do not make this payment by 14 July 2026. None of the available options keeps the EUR 1,000 minimum protected."
request_118,628.92,affordable_with_plan,installments,2024-12-07:255.87|2025-01-07:255.87|2025-02-07:255.87,2024-12-15,none,"Use 3 installments of EUR 255.87, starting 7 December 2024. This leaves at least EUR 600 available."
request_119,54188.19,not_affordable,not_recommended,none,2025-06-15,none,"Do not make this payment by 17 July 2025. None of the available options keeps the INR 151,200 minimum protected."
request_120,7714000,affordable_now,full_payment,2026-04-06:7714000,2026-04-06,none,"Pay IDR 7,714,000 today. This leaves at least IDR 20,050,300 available over the next 90 days."
request_121,633.6,affordable_now,full_payment,2024-03-03:633.60,2024-03-03,none,Pay USD 633.60 today. This leaves at least USD 800 available over the next 90 days.
request_122,20558000,affordable_with_plan,installments,2025-08-05:7126773.33|2025-09-02:7126773.33|2025-09-30:7126773.33,2025-08-05,none,"Use 3 installments of IDR 7,126,773.33, starting 5 August 2025. This leaves at least IDR 12,588,500 available."
request_123,0,not_affordable,not_recommended,none,,none,"Do not make this payment by 28 March 2026. None of the available options keeps the IDR 18,091,200 minimum protected."
request_124,1398.42,affordable_with_plan,installments,2024-06-11:1076.12|2024-07-12:1076.12|2024-08-12:1076.12,2024-07-15,stop:event_11448,"Stop the music service subscription, then use 3 installments of EUR 1,076.12, starting 11 June 2024. This leaves at least EUR 1,600 available."
request_125,5402.98,not_affordable,not_recommended,none,2025-11-15,none,"Do not make this payment by 14 November 2025. None of the available options keeps the ZAR 11,300 minimum protected."
request_126,159600,affordable_now,full_payment,2026-07-03:159600,2026-07-03,none,"Pay INR 159,600 today. This leaves at least INR 129,700 available over the next 90 days."
request_127,7191.6,not_affordable,not_recommended,none,2024-11-15,none,"Do not make this payment by 18 October 2024. None of the available options keeps the ZAR 41,000 minimum protected."
request_128,25168,affordable_now,full_payment,2025-02-07:25168,2025-02-07,none,"Pay ZAR 25,168 today. This leaves at least ZAR 42,600 available over the next 90 days."
request_129,109.64,not_affordable,not_recommended,none,,none,Do not make this payment by 18 June 2026. None of the available options keeps the USD 800 minimum protected.
request_130,302.81,affordable_later,wait,2025-02-15:1978.80,2025-02-15,none,"Pay USD 1,978.80 in full on 15 February 2025. Paying earlier would take the balance below the USD 1,400 minimum."
request_131,0,not_affordable,not_recommended,none,,none,"Do not make this payment by 8 July 2025. None of the available options keeps the USD 1,100 minimum protected."
request_132,0,not_affordable,not_recommended,none,,none,"Do not make this payment by 25 February 2026. None of the available options keeps the USD 1,100 minimum protected."
request_133,0,not_affordable,not_recommended,none,,none,"Do not make this payment by 29 March 2024. None of the available options keeps the IDR 9,986,200 minimum protected."
request_134,4436132.44,affordable_later,wait,2025-10-15:21831000,2025-10-15,none,"Pay IDR 21,831,000 in full on 15 October 2025. Paying earlier would take the balance below the IDR 15,902,500 minimum."
request_135,286.83,not_affordable,not_recommended,none,2026-07-15,none,Do not make this payment by 14 July 2026. None of the available options keeps the USD 500 minimum protected.
request_136,522.44,affordable_with_plan,full_payment,2024-06-03:560.40,2024-06-15,reduce_to:event_12498:27.20,"Reduce the household shopping to USD 27.20, then pay USD 560.40 today. This leaves at least USD 1,100 available."
request_137,22092.69,not_affordable,not_recommended,none,,none,"Do not make this payment by 15 January 2026. None of the available options keeps the INR 71,800 minimum protected."
request_138,878.45,affordable_with_plan,partial_payment,2026-04-07:878.45|2026-04-15:378.49,2026-04-15,none,"Pay EUR 878.45 today and the remaining EUR 378.49 on 15 April 2026. This completes the full request and keeps the EUR 2,300 minimum protected."
request_139,1310.5,not_affordable,not_recommended,none,2024-11-15,none,"Do not make this payment by 17 November 2024. None of the available options keeps the USD 1,500 minimum protected."
request_140,1453.86,not_affordable,not_recommended,none,,none,"Do not make this payment by 4 March 2025. None of the available options keeps the ZAR 21,600 minimum protected."
request_141,18660.42,not_affordable,not_recommended,none,,none,"Do not proceed with the INR 171,600 request. Although INR 18,660.42 is available today, the full amount cannot be completed safely within 90 days."
request_142,1263.6,affordable_now,full_payment,2024-12-05:1263.60,2024-12-05,none,"Pay USD 1,263.60 today. This leaves at least USD 1,700 available over the next 90 days."
request_143,2009.38,affordable_later,wait,2025-07-15:12584,2025-07-15,none,"Pay ZAR 12,584 in full on 15 July 2025. Paying earlier would take the balance below the ZAR 11,300 minimum."
request_144,206.54,affordable_later,wait,2026-07-15:233.34,2026-07-15,none,Pay USD 233.34 in full on 15 July 2026. Paying earlier would take the balance below the USD 600 minimum.
request_145,26929.97,affordable_with_plan,installments,2024-03-20:75365.33|2024-04-20:75365.33|2024-05-21:75365.33,2024-04-15,none,"Use 3 installments of INR 75,365.33, starting 20 March 2024. This leaves at least INR 155,400 available."
request_146,13315.89,not_affordable,not_recommended,none,,none,"Do not make this payment by 17 October 2025. None of the available options keeps the INR 108,600 minimum protected."
request_147,478.46,affordable_with_plan,installments,2026-04-08:391.63|2026-05-08:391.63|2026-06-07:391.63,2026-05-15,none,"Use 3 installments of EUR 391.63, starting 8 April 2026. This leaves at least EUR 900 available."
request_148,7146.34,affordable_with_plan,installments,2024-06-14:7710.56|2024-07-15:7710.56|2024-08-15:7710.56,2024-08-15,stop:event_13591|stop:event_13592,"Stop the audio streaming plan and stop the food delivery membership, then use 3 installments of ZAR 7,710.56, starting 14 June 2024. This leaves at least ZAR 20,000 available."
request_149,22209.76,affordable_with_plan,installments,2025-11-18:12706.03|2025-12-16:12706.03|2026-01-13:12706.03,2025-12-15,none,"Use 3 installments of ZAR 12,706.03, starting 18 November 2025. This leaves at least ZAR 42,100 available."
request_150,0,not_affordable,not_recommended,none,,none,Do not make this payment by 16 March 2026. None of the available options keeps the EUR 700 minimum protected.
request_151,26999000,affordable_now,full_payment,2024-09-03:26999000,2024-09-03,none,"Pay IDR 26,999,000 today. This leaves at least IDR 31,633,600 available over the next 90 days."
request_152,11060.2,not_affordable,not_recommended,none,2025-04-15,none,"Do not make this payment by 13 April 2025. None of the available options keeps the ZAR 11,900 minimum protected."
request_153,0,not_affordable,not_recommended,none,,none,"Do not make this payment by 24 September 2026. None of the available options keeps the USD 1,400 minimum protected."
request_154,1625.8,affordable_with_plan,installments,2024-12-04:563.61|2025-01-04:563.61|2025-02-04:563.61,2024-12-04,none,"Use 3 installments of EUR 563.61, starting 4 December 2024. This leaves at least EUR 1,300 available."
request_155,112500,affordable_now,full_payment,2025-05-06:112500,2025-05-06,none,"Pay INR 112,500 today. This leaves at least INR 56,300 available over the next 90 days."
request_156,7993.56,affordable_later,wait,2026-06-15:43076,2026-06-15,none,"Pay ZAR 43,076 in full on 15 June 2026. Paying earlier would take the balance below the ZAR 26,900 minimum."
request_157,4658049.89,affordable_later,wait,2024-05-15:23503000,2024-05-15,none,"Pay IDR 23,503,000 in full on 15 May 2024. Paying earlier would take the balance below the IDR 15,714,100 minimum."
request_158,242600,affordable_with_plan,installments,2025-08-07:84101.33|2025-09-04:84101.33|2025-10-02:84101.33,2025-08-07,none,"Use 3 installments of INR 84,101.33, starting 7 August 2025. This leaves at least INR 131,400 available."
request_159,0,not_affordable,not_recommended,none,,none,"Do not make this payment by 20 March 2026. None of the available options keeps the ZAR 8,700 minimum protected."
request_160,569.52,affordable_with_plan,installments,2024-06-13:432.05|2024-07-14:432.05|2024-08-14:432.05,2024-07-15,none,"Use 3 installments of EUR 432.05, starting 13 June 2024. This leaves at least EUR 1,200 available."
request_161,4724317.69,affordable_later,wait,2026-01-15:21204000,2026-01-15,none,"Pay IDR 21,204,000 in full on 15 January 2026. Paying earlier would take the balance below the IDR 23,010,400 minimum."
request_162,1358351.41,not_affordable,not_recommended,none,,none,"Do not make this payment by 26 August 2026. None of the available options keeps the IDR 24,161,100 minimum protected."
request_163,7977208.41,affordable_with_plan,installments,2024-09-10:6692053.33|2024-10-11:6692053.33|2024-11-11:6692053.33,2024-09-15,none,"Use 3 installments of IDR 6,692,053.33, starting 10 September 2024. This leaves at least IDR 26,728,700 available."
request_164,27018000,affordable_with_plan,installments,2025-02-11:9366240|2025-03-11:9366240|2025-04-08:9366240,2025-02-04,none,"Use 3 installments of IDR 9,366,240, starting 11 February 2025. This leaves at least IDR 29,550,500 available."
request_165,68603.92,not_affordable,not_recommended,none,,none,"Do not make this payment by 21 April 2026. None of the available options keeps the INR 95,000 minimum protected."
request_166,2907.6,affordable_with_plan,installments,2024-12-03:1007.97|2025-01-03:1007.97|2025-02-03:1007.97,2024-12-03,none,"Use 3 installments of USD 1,007.97, starting 3 December 2024. This leaves at least USD 1,700 available."
request_167,0,not_affordable,not_recommended,none,,none,"Do not make this payment by 31 May 2025. None of the available options keeps the ZAR 31,200 minimum protected."
request_168,0,not_affordable,not_recommended,none,,none,"Do not make this payment by 16 March 2026. None of the available options keeps the INR 114,400 minimum protected."
request_169,41976,affordable_now,full_payment,2024-03-04:41976,2024-03-04,none,"Pay ZAR 41,976 today. This leaves at least ZAR 18,700 available over the next 90 days."
request_170,29990478.65,not_affordable,not_recommended,none,2025-10-15,none,"Do not make this payment by 4 October 2025. None of the available options keeps the IDR 24,715,800 minimum protected."
request_171,0,not_affordable,not_recommended,none,,none,Do not make this payment by 10 September 2026. None of the available options keeps the EUR 500 minimum protected.
request_172,9180.16,affordable_with_plan,partial_payment,2024-06-05:9180.16|2024-06-15:1019.84,2024-06-15,none,"Pay ZAR 9,180.16 today and the remaining ZAR 1,019.84 on 15 June 2024. This completes the full request and keeps the ZAR 27,200 minimum protected."
request_173,55419.1,affordable_with_plan,installments,2025-11-21:39173.33|2025-12-19:39173.33|2026-01-16:39173.33,2026-01-15,none,"Use 3 installments of INR 39,173.33, starting 21 November 2025. This leaves at least INR 79,100 available."
request_174,1146.2,affordable_with_plan,installments,2026-04-04:397.35|2026-05-04:397.35|2026-06-03:397.35,2026-04-04,none,"Use 3 installments of EUR 397.35, starting 4 April 2026. This leaves at least EUR 700 available."
request_175,2346.3,affordable_now,full_payment,2024-09-06:2346.30,2024-09-06,none,"Pay EUR 2,346.30 today. This leaves at least EUR 1,700 available over the next 90 days."
request_176,361.9,not_affordable,not_recommended,none,,none,Do not make this payment by 27 February 2025. None of the available options keeps the EUR 600 minimum protected.
request_177,820.18,affordable_with_plan,full_payment,2026-01-05:1017.60,,stop:event_16234|stop:event_16235|reduce_to:event_16236:34.40,"Stop the cloud storage plan, stop the video streaming plan and reduce the monthly shopping spend to USD 34.40, then pay USD 1,017.60 today. This leaves at least USD 1,300 available."
request_178,2938.1,affordable_with_plan,installments,2024-12-07:1018.54|2025-01-07:1018.54|2025-02-07:1018.54,2024-12-07,none,"Use 3 installments of EUR 1,018.54, starting 7 December 2024. This leaves at least EUR 1,400 available."
request_179,4045938.41,affordable_later,wait,2025-07-15:41648000,2025-07-15,none,"Pay IDR 41,648,000 in full on 15 July 2025. Paying earlier would take the balance below the IDR 41,430,800 minimum."
request_180,66500,affordable_now,full_payment,2026-07-06:66500,2026-07-06,none,"Pay INR 66,500 today. This leaves at least INR 37,300 available over the next 90 days."
request_181,300.48,not_affordable,not_recommended,none,,none,"Do not make this payment by 7 April 2024. None of the available options keeps the USD 2,000 minimum protected."
request_182,65714,affordable_now,full_payment,2025-08-05:65714,2025-08-05,none,"Pay ZAR 65,714 today. This leaves at least ZAR 31,100 available over the next 90 days."
request_183,22983761.42,affordable_with_plan,installments,2026-04-10:9313546.67|2026-05-10:9313546.67|2026-06-09:9313546.67,2026-05-15,stop:event_16813,"Stop the shared storage plan, then use 3 installments of IDR 9,313,546.67, starting 10 April 2026. This leaves at least IDR 11,878,300 available."
request_184,7261.26,not_affordable,not_recommended,none,,none,"Do not make this payment by 30 July 2024. None of the available options keeps the INR 110,800 minimum protected."
request_185,233.53,not_affordable,not_recommended,none,,none,"Do not make this payment by 15 January 2026. None of the available options keeps the EUR 1,300 minimum protected."
request_186,0,not_affordable,not_recommended,none,,none,"Do not make this payment by 15 March 2026. None of the available options keeps the ZAR 22,000 minimum protected."
request_187,38212.61,affordable_later,wait,2024-11-15:187500,2024-11-15,none,"Pay INR 187,500 in full on 15 November 2024. Paying earlier would take the balance below the INR 128,300 minimum."
request_188,0,not_affordable,not_recommended,none,,none,Do not make this payment by 4 March 2025. None of the available options keeps the EUR 900 minimum protected.
request_189,488.4,affordable_now,full_payment,2026-07-04:488.40,2026-07-04,none,Pay EUR 488.40 today. This leaves at least EUR 400 available over the next 90 days.
request_190,489.27,affordable_later,wait,2025-02-15:2557.50,2025-02-15,none,"Pay EUR 2,557.50 in full on 15 February 2025. Paying earlier would take the balance below the EUR 1,600 minimum."
request_191,664.4,affordable_now,full_payment,2025-05-03:664.40,2025-05-03,none,Pay EUR 664.40 today. This leaves at least EUR 500 available over the next 90 days.
request_192,161.04,not_affordable,not_recommended,none,,none,"Do not make this payment by 11 May 2026. None of the available options keeps the USD 1,000 minimum protected."
request_193,33.61,affordable_with_plan,installments,2024-03-21:420.23|2024-04-21:420.23|2024-05-22:420.23,2024-05-15,none,"Use 3 installments of EUR 420.23, starting 21 March 2024. This leaves at least EUR 1,000 available."
request_194,0,not_affordable,not_recommended,none,,none,"Do not make this payment by 23 October 2025. None of the available options keeps the INR 113,600 minimum protected."
request_195,595.39,not_affordable,not_recommended,none,,none,Do not make this payment by 11 March 2026. None of the available options keeps the EUR 700 minimum protected.
request_196,762.3,affordable_now,full_payment,2024-06-03:762.30,2024-06-03,none,Pay EUR 762.30 today. This leaves at least EUR 500 available over the next 90 days.
request_197,50939000,affordable_with_plan,installments,2025-11-19:17658853.33|2025-12-17:17658853.33|2026-01-14:17658853.33,2025-11-05,none,"Use 3 installments of IDR 17,658,853.33, starting 19 November 2025. This leaves at least IDR 26,245,900 available."
request_198,185800,affordable_now,full_payment,2026-07-07:185800,2026-07-07,none,"Pay INR 185,800 today. This leaves at least INR 124,300 available over the next 90 days."
request_199,23674000,affordable_with_plan,installments,2024-09-07:8206986.67|2024-10-08:8206986.67|2024-11-08:8206986.67,2024-09-04,none,"Use 3 installments of IDR 8,206,986.67, starting 7 September 2024. This leaves at least IDR 25,359,500 available."
request_200,21717000,affordable_now,full_payment,2025-02-06:21717000,2025-02-06,none,"Pay IDR 21,717,000 today. This leaves at least IDR 20,114,600 available over the next 90 days."
request_201,22896208.57,affordable_with_plan,full_payment,2026-04-03:23997000,,stop:event_18492|stop:event_18493,"Stop the cloud storage plan and stop the streaming subscription, then pay IDR 23,997,000 today. This leaves at least IDR 17,304,500 available."
request_202,123900,affordable_now,full_payment,2024-12-05:123900,2024-12-05,none,"Pay INR 123,900 today. This leaves at least INR 147,800 available over the next 90 days."
request_203,845.82,not_affordable,not_recommended,none,,none,"Do not make this payment by 8 July 2025. None of the available options keeps the EUR 1,400 minimum protected."
request_204,494.86,affordable_later,wait,2026-01-15:588.74,2026-01-15,none,"Pay EUR 588.74 in full on 15 January 2026. Paying earlier would take the balance below the EUR 1,300 minimum."
request_205,10621000,affordable_now,full_payment,2024-03-06:10621000,2024-03-06,none,"Pay IDR 10,621,000 today. This leaves at least IDR 13,994,300 available over the next 90 days."
request_206,1404.7,affordable_with_plan,installments,2025-08-03:486.96|2025-08-31:486.96|2025-09-28:486.96,2025-08-03,none,"Use 3 installments of EUR 486.96, starting 3 August 2025. This leaves at least EUR 900 available."
request_207,4336.51,affordable_later,wait,2026-07-15:11830,2026-07-15,none,"Pay ZAR 11,830 in full on 15 July 2026. Paying earlier would take the balance below the ZAR 13,600 minimum."
request_208,3026712.96,affordable_later,wait,2024-06-15:4413000,2024-06-15,none,"Pay IDR 4,413,000 in full on 15 June 2024. Paying earlier would take the balance below the IDR 10,470,700 minimum."
request_209,1585.93,not_affordable,not_recommended,none,,none,"Do not make this payment by 25 November 2025. None of the available options keeps the ZAR 18,400 minimum protected."
request_210,973.25,affordable_with_plan,partial_payment,2026-04-06:973.25|2026-04-15:386.77,2026-04-15,none,"Pay USD 973.25 today and the remaining USD 386.77 on 15 April 2026. This completes the full request and keeps the USD 2,000 minimum protected."
request_211,246.93,affordable_later,wait,2024-11-15:1788.60,2024-11-15,none,"Pay EUR 1,788.60 in full on 15 November 2024. Paying earlier would take the balance below the EUR 1,500 minimum."
request_212,0,not_affordable,not_recommended,none,,none,"Do not make this payment by 28 February 2025. None of the available options keeps the IDR 29,579,800 minimum protected."
request_213,2305.87,not_affordable,not_recommended,none,,none,"Do not make this payment by 22 March 2026. None of the available options keeps the USD 2,100 minimum protected."
request_214,32954.99,affordable_with_plan,partial_payment,2024-12-04:32954.99|2024-12-15:36795.01,2024-12-15,none,"Pay INR 32,954.99 today and the remaining INR 36,795.01 on 15 December 2024. This completes the full request and keeps the INR 174,900 minimum protected."
request_215,26681.58,not_affordable,not_recommended,none,,none,"Do not make this payment by 10 July 2025. None of the available options keeps the ZAR 15,700 minimum protected."
request_216,378.24,affordable_later,wait,2026-09-15:3332.40,2026-09-15,none,"Pay USD 3,332.40 in full on 15 September 2026. Paying earlier would take the balance below the USD 1,800 minimum."
request_217,19357.78,affordable_with_plan,installments,2024-03-19:12889.07|2024-04-19:12889.07|2024-05-20:12889.07,2024-05-15,none,"Use 3 installments of ZAR 12,889.07, starting 19 March 2024. This leaves at least ZAR 26,800 available."
request_218,23460016.21,affordable_with_plan,installments,2025-08-07:21195893.33|2025-09-04:21195893.33|2025-10-02:21195893.33,2025-09-15,none,"Use 3 installments of IDR 21,195,893.33, starting 7 August 2025. This leaves at least IDR 34,477,200 available."
request_219,657.55,affordable_with_plan,installments,2026-04-07:580.01|2026-05-07:580.01|2026-06-06:580.01,2026-05-15,none,"Use 3 installments of EUR 580.01, starting 7 April 2026. This leaves at least EUR 1,100 available."
request_220,68.94,not_affordable,not_recommended,none,,none,"Do not proceed with the EUR 3,118.50 request. Although EUR 68.94 is available today, the full amount cannot be completed safely within 90 days."
request_221,109800,affordable_now,full_payment,2025-11-03:109800,2025-11-03,none,"Pay INR 109,800 today. This leaves at least INR 81,500 available over the next 90 days."
request_222,34078,affordable_now,full_payment,2026-01-05:34078,2026-01-05,none,"Pay ZAR 34,078 today. This leaves at least ZAR 27,300 available over the next 90 days."
request_223,898.7,affordable_now,full_payment,2024-09-07:898.70,2024-09-07,none,Pay EUR 898.70 today. This leaves at least EUR 800 available over the next 90 days.
request_224,10327000,affordable_with_plan,installments,2025-02-04:5370040|2025-03-04:5370040,2025-02-04,none,"Use 2 installments of IDR 5,370,040, starting 4 February 2025. This leaves at least IDR 22,187,600 available."
request_225,9433174.7,affordable_with_plan,installments,2026-07-20:7647120|2026-08-19:7647120|2026-09-18:7647120,2026-09-15,reduce_to:event_20649:314450|stop:event_20650,"Reduce the streaming subscription to IDR 314,450 and stop the online backup subscription, then use 3 installments of IDR 7,647,120, starting 20 July 2026. This leaves at least IDR 17,670,700 available."
request_226,157000,affordable_now,full_payment,2024-12-03:157000,2024-12-03,none,"Pay INR 157,000 today. This leaves at least INR 209,400 available over the next 90 days."
request_227,7374.59,not_affordable,not_recommended,none,,none,"Do not make this payment by 20 June 2025. None of the available options keeps the INR 62,900 minimum protected."
request_228,1601201.62,not_affordable,not_recommended,none,,none,"Do not make this payment by 30 April 2026. None of the available options keeps the IDR 26,191,200 minimum protected."
request_229,505.32,affordable_with_plan,installments,2024-03-18:529.29|2024-04-18:529.29|2024-05-19:529.29,2024-05-15,none,"Use 3 installments of EUR 529.29, starting 18 March 2024. This leaves at least EUR 1,000 available."
request_230,3537.6,affordable_now,full_payment,2025-08-06:3537.60,2025-08-06,none,"Pay EUR 3,537.60 today. This leaves at least EUR 2,000 available over the next 90 days."
request_231,30906.76,affordable_with_plan,installments,2026-01-06:12378.08|2026-02-05:12378.08|2026-03-07:12378.08,2026-02-15,stop:event_21223|stop:event_21224,"Stop the shared storage plan and stop the streaming subscription, then use 3 installments of ZAR 12,378.08, starting 6 January 2026. This leaves at least ZAR 24,300 available."
request_232,560.82,not_affordable,not_recommended,none,,none,"Do not make this payment by 15 August 2024. None of the available options keeps the EUR 2,400 minimum protected."
request_233,3738334.07,affordable_with_plan,partial_payment,2025-11-07:3738334.07|2025-11-15:2502665.93,2025-11-15,none,"Pay IDR 3,738,334.07 today and the remaining IDR 2,502,665.93 on 15 November 2025. This completes the full request and keeps the IDR 10,365,700 minimum protected."
request_234,227.44,affordable_later,wait,2026-09-15:1213.30,2026-09-15,none,"Pay EUR 1,213.30 in full on 15 September 2026. Paying earlier would take the balance below the EUR 700 minimum."
request_235,967.2,affordable_now,full_payment,2024-09-06:967.20,2024-09-06,none,Pay USD 967.20 today. This leaves at least USD 700 available over the next 90 days.
request_236,5189920.34,not_affordable,not_recommended,none,,none,"Do not proceed with the IDR 52,383,000 request. Although IDR 5,189,920.34 is available today, the full amount cannot be completed safely within 90 days."
request_237,22267316.11,affordable_with_plan,full_payment,2026-04-05:23826000,,reduce_to:event_21812:382850|reduce_to:event_21813:548720,"Reduce the family streaming plan to IDR 382,850 and reduce the clothing and household items to IDR 548,720, then pay IDR 23,826,000 today. This leaves at least IDR 22,431,500 available."
request_238,663.6,affordable_with_plan,installments,2024-12-07:230.05|2025-01-07:230.05|2025-02-07:230.05,2024-12-07,none,"Use 3 installments of USD 230.05, starting 7 December 2024. This leaves at least USD 700 available."
request_239,608.95,affordable_later,wait,2025-05-15:642,2025-05-15,none,Pay USD 642 in full on 15 May 2025. Paying earlier would take the balance below the USD 600 minimum.
request_240,13746.71,not_affordable,not_recommended,none,,none,"Do not proceed with the INR 101,200 request. Although INR 13,746.71 is available today, the full amount cannot be completed safely within 90 days."
request_241,21052000,affordable_with_plan,installments,2024-03-17:7298026.67|2024-04-17:7298026.67|2024-05-18:7298026.67,2024-03-03,none,"Use 3 installments of IDR 7,298,026.67, starting 17 March 2024. This leaves at least IDR 19,252,000 available."
request_242,23.38,not_affordable,not_recommended,none,,none,Do not make this payment by 25 August 2025. None of the available options keeps the EUR 600 minimum protected.
request_243,17468,affordable_now,full_payment,2026-07-07:17468,2026-07-07,none,"Pay ZAR 17,468 today. This leaves at least ZAR 19,900 available over the next 90 days."
request_244,49918,affordable_now,full_payment,2024-06-04:49918,2024-06-04,none,"Pay ZAR 49,918 today. This leaves at least ZAR 45,900 available over the next 90 days."
request_245,22088.54,affordable_later,wait,2026-01-15:128500,2026-01-15,none,"Pay INR 128,500 in full on 15 January 2026. Paying earlier would take the balance below the INR 94,600 minimum."
request_246,64086,affordable_with_plan,installments,2026-04-03:22216.48|2026-05-03:22216.48|2026-06-02:22216.48,2026-04-03,none,"Use 3 installments of ZAR 22,216.48, starting 3 April 2026. This leaves at least ZAR 39,300 available."
request_247,1059.3,affordable_now,full_payment,2024-09-05:1059.30,2024-09-05,none,"Pay EUR 1,059.30 today. This leaves at least EUR 1,300 available over the next 90 days."
request_248,936.79,affordable_with_plan,partial_payment,2025-02-07:936.79|2025-04-15:1028.81,2025-04-15,none,"Pay USD 936.79 today and the remaining USD 1,028.81 on 15 April 2025. This completes the full request and keeps the USD 1,300 minimum protected."
request_249,65.85,not_affordable,not_recommended,none,,none,Do not make this payment by 15 March 2026. None of the available options keeps the USD 600 minimum protected.
request_250,15496.91,not_affordable,not_recommended,none,,none,"Do not proceed with the ZAR 124,278 request. Although ZAR 15,496.91 is available today, the full amount cannot be completed safely within 90 days."
request_251,70.29,not_affordable,not_recommended,none,,none,"Do not make this payment by 6 June 2025. None of the available options keeps the EUR 1,300 minimum protected."
request_252,4799422.04,affordable_later,wait,2026-09-15:28082000,2026-09-15,none,"Pay IDR 28,082,000 in full on 15 September 2026. Paying earlier would take the balance below the IDR 15,152,200 minimum."
request_253,1373.03,affordable_with_plan,installments,2024-03-21:984.60|2024-04-21:984.60|2024-05-22:984.60,2024-05-15,none,"Use 3 installments of EUR 984.60, starting 21 March 2024. This leaves at least EUR 2,300 available."
request_254,527.39,affordable_later,wait,2025-10-15:3535.20,2025-10-15,none,"Pay USD 3,535.20 in full on 15 October 2025. Paying earlier would take the balance below the USD 2,500 minimum."
request_255,3345000,affordable_now,full_payment,2026-04-06:3345000,2026-04-06,none,"Pay IDR 3,345,000 today. This leaves at least IDR 9,813,900 available over the next 90 days."
request_256,142248.62,affordable_with_plan,installments,2024-06-10:75816|2024-07-11:75816|2024-08-11:75816,2024-07-15,stop:event_23486,"Stop the audio streaming plan, then use 3 installments of INR 75,816, starting 10 June 2024. This leaves at least INR 168,600 available."
request_257,237.32,not_affordable,not_recommended,none,,none,"Do not make this payment by 15 January 2026. None of the available options keeps the USD 1,600 minimum protected."
request_258,1113.6,affordable_now,full_payment,2026-01-07:1113.60,2026-01-07,none,"Pay USD 1,113.60 today. This leaves at least USD 500 available over the next 90 days."
request_259,216.92,affordable_later,wait,2024-11-15:935,2024-11-15,none,Pay EUR 935 in full on 15 November 2024. Paying earlier would take the balance below the EUR 600 minimum.
request_260,7536527.98,not_affordable,not_recommended,none,,none,"Do not proceed with the IDR 52,079,000 request. Although IDR 7,536,527.98 is available today, the full amount cannot be completed safely within 90 days."
request_261,1830.4,affordable_now,full_payment,2026-07-03:1830.40,2026-07-03,none,"Pay EUR 1,830.40 today. This leaves at least EUR 1,500 available over the next 90 days."
request_262,9236000,affordable_now,full_payment,2024-12-05:9236000,2024-12-05,none,"Pay IDR 9,236,000 today. This leaves at least IDR 31,018,500 available over the next 90 days."
request_263,5721.44,not_affordable,not_recommended,none,,none,"Do not proceed with the ZAR 51,546 request. Although ZAR 5,721.44 is available today, the full amount cannot be completed safely within 90 days."
request_264,23028.78,affordable_later,wait,2026-06-15:111300,2026-06-15,none,"Pay INR 111,300 in full on 15 June 2026. Paying earlier would take the balance below the INR 59,500 minimum."
request_265,0,not_affordable,not_recommended,none,,none,"Do not make this payment by 21 March 2024. None of the available options keeps the INR 189,700 minimum protected."
request_266,775.95,affordable_with_plan,installments,2025-08-03:324.13|2025-08-31:324.13|2025-09-28:324.13,2025-09-15,none,"Use 3 installments of EUR 324.13, starting 3 August 2025. This leaves at least EUR 900 available."
request_267,1646.15,affordable_with_plan,installments,2026-01-08:667.33|2026-02-07:667.33|2026-03-09:667.33,2026-02-15,stop:event_24573,"Stop the family streaming plan, then use 3 installments of EUR 667.33, starting 8 January 2026. This leaves at least EUR 1,500 available."
request_268,1041.5,affordable_with_plan,installments,2024-06-14:841.22|2024-07-15:841.22|2024-08-15:841.22,2024-07-15,none,"Use 3 installments of EUR 841.22, starting 14 June 2024. This leaves at least EUR 1,400 available."
request_269,10062.53,affordable_later,wait,2025-12-15:15490,2025-12-15,none,"Pay ZAR 15,490 in full on 15 December 2025. Paying earlier would take the balance below the ZAR 23,100 minimum."
request_270,110.3,not_affordable,not_recommended,none,2026-09-15,none,"Do not make this payment by 30 August 2026. None of the available options keeps the USD 1,400 minimum protected."
request_271,14241.15,affordable_later,wait,2024-11-15:91300,2024-11-15,none,"Pay INR 91,300 in full on 15 November 2024. Paying earlier would take the balance below the INR 58,200 minimum."
request_272,5423102.49,affordable_with_plan,installments,2025-02-12:4709466.67|2025-03-12:4709466.67|2025-04-09:4709466.67,2025-03-15,none,"Use 3 installments of IDR 4,709,466.67, starting 12 February 2025. This leaves at least IDR 7,508,600 available."
request_273,9546276.09,affordable_with_plan,partial_payment,2026-04-07:9546276.09|2026-04-15:6314723.91,2026-04-15,none,"Pay IDR 9,546,276.09 today and the remaining IDR 6,314,723.91 on 15 April 2026. This completes the full request and keeps the IDR 18,774,600 minimum protected."
request_274,2090.3,affordable_with_plan,installments,2024-12-04:940.75|2025-01-04:940.75|2025-02-04:940.75,2025-01-15,stop:event_25179|reduce_to:event_25180:25,"Stop the online backup subscription and reduce the video streaming plan to EUR 25, then use 3 installments of EUR 940.75, starting 4 December 2024. This leaves at least EUR 1,800 available."
request_275,15884000,affordable_now,full_payment,2025-05-06:15884000,2025-05-06,none,"Pay IDR 15,884,000 today. This leaves at least IDR 12,760,100 available over the next 90 days."
